{"cameraMode":{"drawMode":0,"name":"Shaded","section":"Shading Mode"},"sceneLighting":false,"audioPlay":false,"sceneViewState":{"showFog":true,"showMaterialUpdate":false,"showSkybox":false,"showFlares":true,"showImageEffects":true,"showParticleSystems":true},"in2DMode":false,"pivot":{"x":0.0,"y":0.5164225101470947,"z":-0.01839280128479004},"rotation":{"x":-0.07910819351673126,"y":0.004481128416955471,"z":0.0003641730872914195,"w":0.9968715906143189},"size":3.8322088718414308,"orthographic":false}