{"cameraMode":{"drawMode":0,"name":"Shaded","section":"Shading Mode"},"sceneLighting":true,"audioPlay":false,"sceneViewState":{"showFog":true,"showMaterialUpdate":false,"showSkybox":true,"showFlares":true,"showImageEffects":true,"showParticleSystems":true},"in2DMode":false,"pivot":{"x":-2.838766098022461,"y":-0.2607838809490204,"z":-6.0723466873168949},"rotation":{"x":0.2153683304786682,"y":0.17756319046020509,"z":-0.03984404355287552,"w":0.959442138671875},"size":2.761690378189087,"orthographic":false}