{"cameraMode":{"drawMode":0,"name":"Shaded","section":"Shading Mode"},"sceneLighting":true,"audioPlay":false,"sceneViewState":{"showFog":true,"showMaterialUpdate":false,"showSkybox":true,"showFlares":true,"showImageEffects":true,"showParticleSystems":true},"in2DMode":false,"pivot":{"x":-0.5684967041015625,"y":-71.89163208007813,"z":22.97503662109375},"rotation":{"x":0.22481593489646913,"y":0.6005468368530273,"z":-0.18103888630867005,"w":0.7456889152526856},"size":762.1600341796875,"orthographic":false}