{"cameraMode":{"drawMode":0,"name":"Shaded","section":"Shading Mode"},"sceneLighting":true,"audioPlay":false,"sceneViewState":{"showFog":true,"showMaterialUpdate":false,"showSkybox":true,"showFlares":true,"showImageEffects":true,"showParticleSystems":true},"in2DMode":false,"pivot":{"x":496.901611328125,"y":22.7806396484375,"z":-142.304931640625},"rotation":{"x":0.24716007709503175,"y":0.19886478781700135,"z":-0.05189031362533569,"w":0.9469414353370667},"size":762.1600341796875,"orthographic":false}