{"cameraMode":{"drawMode":0,"name":"Shaded","section":"Shading Mode"},"sceneLighting":false,"audioPlay":false,"sceneViewState":{"showFog":true,"showMaterialUpdate":false,"showSkybox":false,"showFlares":true,"showImageEffects":true,"showParticleSystems":true},"in2DMode":false,"pivot":{"x":11.348251342773438,"y":1.1483945846557618,"z":-4.507205009460449},"rotation":{"x":-0.07910819351673126,"y":0.004481128416955471,"z":0.0003641730872914195,"w":0.9968715906143189},"size":4.045635223388672,"orthographic":false}