{"cameraMode":{"drawMode":0,"name":"Shaded","section":"Shading Mode"},"sceneLighting":true,"audioPlay":false,"sceneViewState":{"showFog":true,"showMaterialUpdate":false,"showSkybox":true,"showFlares":true,"showImageEffects":true,"showParticleSystems":true},"in2DMode":false,"pivot":{"x":6.989999771118164,"y":-1332.833251953125,"z":-6.019999980926514},"rotation":{"x":-0.07910819351673126,"y":0.004481128416955471,"z":0.0003641730872914195,"w":0.9968715906143189},"size":22.0,"orthographic":false}