{"cameraMode":{"drawMode":0,"name":"Shaded","section":"Shading Mode"},"sceneLighting":true,"audioPlay":false,"sceneViewState":{"showFog":true,"showMaterialUpdate":false,"showSkybox":true,"showFlares":true,"showImageEffects":true,"showParticleSystems":true},"in2DMode":false,"pivot":{"x":5.167713165283203,"y":1.8938645124435425,"z":-11.219133377075196},"rotation":{"x":0.1378083974123001,"y":-0.8594439625740051,"z":0.3837893009185791,"w":0.3084980249404907},"size":2.070692777633667,"orthographic":false}