{"cameraMode":{"drawMode":0,"name":"Shaded","section":"Shading Mode"},"sceneLighting":true,"audioPlay":false,"sceneViewState":{"showFog":true,"showMaterialUpdate":false,"showSkybox":true,"showFlares":true,"showImageEffects":true,"showParticleSystems":true},"in2DMode":false,"pivot":{"x":916.3199462890625,"y":446.23931884765627,"z":-69.685546875},"rotation":{"x":-0.1760568469762802,"y":0.015367464162409306,"z":-0.0027473773807287218,"w":-0.9842612743377686},"size":2578.690673828125,"orthographic":false}