{"cameraMode":{"drawMode":0,"name":"Shaded","section":"Shading Mode"},"sceneLighting":true,"audioPlay":false,"sceneViewState":{"showFog":true,"showMaterialUpdate":false,"showSkybox":true,"showFlares":true,"showImageEffects":true,"showParticleSystems":true},"in2DMode":false,"pivot":{"x":-0.10930109024047852,"y":-1.8562078475952149,"z":4.470306396484375},"rotation":{"x":0.09559059888124466,"y":-0.10847173631191254,"z":0.010496611706912518,"w":0.9894862771034241},"size":22.281049728393556,"orthographic":false}