{"cameraMode":{"drawMode":0,"name":"Shaded","section":"Shading Mode"},"sceneLighting":true,"audioPlay":false,"sceneViewState":{"showFog":true,"showMaterialUpdate":false,"showSkybox":true,"showFlares":true,"showImageEffects":true,"showParticleSystems":true},"in2DMode":false,"pivot":{"x":1.5172538757324219,"y":0.20134735107421876,"z":1.6729803085327149},"rotation":{"x":-0.1211671307682991,"y":-0.026179689913988115,"z":0.0038655761163681747,"w":-0.9924967288970947},"size":11.02411937713623,"orthographic":false}