{"cameraMode":{"drawMode":0,"name":"Shaded","section":"Shading Mode"},"sceneLighting":true,"audioPlay":false,"sceneViewState":{"showFog":true,"showMaterialUpdate":false,"showSkybox":true,"showFlares":true,"showImageEffects":true,"showParticleSystems":true},"in2DMode":false,"pivot":{"x":-49.49699401855469,"y":-36.569305419921878,"z":57.36175537109375},"rotation":{"x":-0.22317686676979066,"y":0.2954391837120056,"z":-0.07106637209653855,"w":-0.9262823462486267},"size":100.26416015625,"orthographic":false}