{"cameraMode":{"drawMode":0,"name":"Shaded","section":"Shading Mode"},"sceneLighting":false,"audioPlay":false,"sceneViewState":{"showFog":true,"showMaterialUpdate":false,"showSkybox":false,"showFlares":true,"showImageEffects":true,"showParticleSystems":true},"in2DMode":false,"pivot":{"x":-4.631460189819336,"y":1.9286694526672364,"z":-18.568527221679689},"rotation":{"x":-0.08013557642698288,"y":0.5461655855178833,"z":-0.052593979984521869,"w":-0.832179844379425},"size":5.505460262298584,"orthographic":false}