{"cameraMode":{"drawMode":0,"name":"Shaded","section":"Shading Mode"},"sceneLighting":false,"audioPlay":false,"sceneViewState":{"showFog":true,"showMaterialUpdate":false,"showSkybox":false,"showFlares":true,"showImageEffects":true,"showParticleSystems":true},"in2DMode":false,"pivot":{"x":11.35693359375,"y":1.26666259765625,"z":-4.483694076538086},"rotation":{"x":0.01282583363354206,"y":-0.7060490250587463,"z":-0.012631997466087342,"w":-0.7081340551376343},"size":2.009155035018921,"orthographic":true}