{"cameraMode":{"drawMode":0,"name":"Shaded","section":"Shading Mode"},"sceneLighting":false,"audioPlay":false,"sceneViewState":{"showFog":true,"showMaterialUpdate":false,"showSkybox":false,"showFlares":true,"showImageEffects":true,"showParticleSystems":true},"in2DMode":false,"pivot":{"x":-2.7382872104644777,"y":2.051522970199585,"z":-16.238000869750978},"rotation":{"x":-0.21136868000030518,"y":0.6736916303634644,"z":-0.21061275899410249,"w":-0.6761026978492737},"size":1.2304785251617432,"orthographic":false}