{"cameraMode":{"drawMode":0,"name":"Shaded","section":"Shading Mode"},"sceneLighting":true,"audioPlay":false,"sceneViewState":{"showFog":true,"showMaterialUpdate":false,"showSkybox":true,"showFlares":true,"showImageEffects":true,"showParticleSystems":true},"in2DMode":false,"pivot":{"x":-12.268135070800782,"y":4.55908203125,"z":-1.87353515625},"rotation":{"x":-0.16279558837413789,"y":0.002087503205984831,"z":0.00005028558734920807,"w":-0.986799955368042},"size":6.158617973327637,"orthographic":true}