{"cameraMode":{"drawMode":0,"name":"Shaded","section":"Shading Mode"},"sceneLighting":false,"audioPlay":false,"sceneViewState":{"showFog":true,"showMaterialUpdate":false,"showSkybox":false,"showFlares":true,"showImageEffects":true,"showParticleSystems":true},"in2DMode":false,"pivot":{"x":0.0,"y":0.5164225101470947,"z":-0.01839280128479004},"rotation":{"x":-0.028964826837182046,"y":-0.6322154998779297,"z":0.023809034377336503,"w":-0.7740038633346558},"size":3.8322088718414308,"orthographic":true}