{"cameraMode":{"drawMode":0,"name":"Shaded","section":"Shading Mode"},"sceneLighting":false,"audioPlay":false,"sceneViewState":{"showFog":true,"showMaterialUpdate":false,"showSkybox":false,"showFlares":true,"showImageEffects":true,"showParticleSystems":true},"in2DMode":false,"pivot":{"x":11.25732421875,"y":1.07135009765625,"z":-4.543701171875},"rotation":{"x":-0.11710037291049957,"y":0.2981654405593872,"z":-0.03667134419083595,"w":-0.9467490911483765},"size":2.009155035018921,"orthographic":true}