{"cameraMode":{"drawMode":0,"name":"Shaded","section":"Shading Mode"},"sceneLighting":true,"audioPlay":false,"sceneViewState":{"showFog":true,"showMaterialUpdate":false,"showSkybox":true,"showFlares":true,"showImageEffects":true,"showParticleSystems":true},"in2DMode":false,"pivot":{"x":5.129150390625,"y":2.08349609375,"z":-10.256011962890625},"rotation":{"x":-0.20991311967372895,"y":0.6386565566062927,"z":-0.18707428872585298,"w":-0.7163774371147156},"size":2.1270511150360109,"orthographic":true}