{"cameraMode":{"drawMode":0,"name":"Shaded","section":"Shading Mode"},"sceneLighting":true,"audioPlay":false,"sceneViewState":{"showFog":true,"showMaterialUpdate":false,"showSkybox":true,"showFlares":true,"showImageEffects":true,"showParticleSystems":true},"in2DMode":false,"pivot":{"x":-2.1641640663146974,"y":4.607390880584717,"z":30.82592010498047},"rotation":{"x":0.0018098492873832584,"y":-0.007830025628209114,"z":0.000034855882404372096,"w":1.0000574588775635},"size":33.35544967651367,"orthographic":false}